Date,Method,Alpha Group,Mint/NFT Cost (ETH),Mint/NFT Cost ($),Gas Fee (ETH),Listing Fee Total (ETH),Cost of Trade (ETH),Sell Price (ETH),OS Fee,Royalty Fee,Total Fees (ETH),Profit/Loss (ETH) ,Wallet,Transfer
2022-01-02,Mint,NP,0.069,261.55,0.0099,0.0305,0.1094,0.114,0.025,0.035,0.0473,-0.0023,Main,NO
2022-01-02,Mint,NP,0.069,261.55,0.0099,0.0,0.0789,0.123,0.025,0.035,0.0173,0.0367,Main,NO
2022-01-02,Mint,NP,0.02,24.35,0.003,0.0009,0.0238,0.073,0.025,0.05,0.0093,0.0437,Main,NO
2022-01-02,Mint,NP,0.02,24.35,0.003,0.0,0.023,0.119,0.025,0.05,0.0119,0.0871,Main,NO
2022-01-02,Mint,TW,0.0,0.00,0.0019,0.001,0.0029,0.0,0.025,0.0,0.0029,-0.0029,Main,Transfer Sent
2022-01-02,Secondary,NP,0.025,30.35,0.0041,0.0008,0.0299,0.048,0.025,0.0,0.0061,0.0169,Main,NO
2022-01-02,Mint,WP,0.05,60.89,0.0008,0.0011,0.0518,0.078,0.025,0.0,0.0038,0.0242,Ledger,NO
2022-01-02,Mint,WP,0.05,60.89,0.0008,0.0,0.0508,0.089,0.025,0.0,0.003,0.036,Ledger,NO
2022-01-02,Mint,WP,0.0,0.00,0.0021,0.0,0.0021,0.0,0.025,0.069,0.0021,-0.0021,Ledger,NO
2022-01-02,Mint,TW,0.0,0.00,0.0019,0.001,0.0029,0.0,0.025,0.0,0.0029,-0.0029,Ledger,Transfer Received
2022-01-02,Mint,TW,0.0,0.00,0.0018,0.0007,0.0025,0.0,0.025,0.0,0.0025,-0.0025,Ledger,Transfer Received
2022-01-02,Mint,TW,0.0,0.00,0.0018,0.0007,0.0025,0.0,0.025,0.0,0.0025,-0.0025,Burner,NO
2022-01-03,Mint,AS,0.0,0.00,0.0028,0.0,0.0028,0.0,0.025,0.075,0.0028,-0.0028,Main,NO
2022-01-03,Mint,WP,0.0066,7.99,0.0022,0.001,0.0098,0.0134,0.025,0.0,0.0035,0.0033,Main,NO
2022-01-03,Mint,NP,0.0,0.00,0.002,0.0,0.002,0.0,0.025,0.1,0.002,-0.002,Ledger,NO
2022-01-03,Mint,AS,0.0,0.00,0.0033,0.0,0.0033,0.0,0.025,0.075,0.0033,-0.0033,Burner,NO
2022-01-04,Mint,WP,0.0071,8.95,0.0034,0.0014,0.0119,0.028,0.025,0.0,0.0055,0.0154,Main,NO
2022-01-04,Mint,WP,0.0071,8.95,0.0034,0.0,0.0105,0.048,0.025,0.0,0.0046,0.0363,Main,NO
2022-01-04,Mint,WP,0.0071,8.95,0.0034,0.0,0.0105,0.072,0.025,0.0,0.0052,0.0597,Main,NO
2022-01-04,Mint,WP,0.0071,8.95,0.0034,0.0,0.0105,0.093,0.025,0.0,0.0057,0.0801,Main,NO
2022-01-04,Mint,NP,0.003,3.77,0.0006,0.0011,0.0047,0.0,0.025,0.07,0.0017,-0.0047,Ledger,NO
2022-01-04,Mint,NP,0.003,3.77,0.0006,0.0,0.0036,0.0,0.025,0.07,0.0006,-0.0036,Ledger,NO
2022-01-04,Mint,NP,0.003,3.77,0.0006,0.0,0.0036,0.0,0.025,0.07,0.0006,-0.0036,Ledger,NO
2022-01-04,Mint,NP,0.003,3.77,0.0006,0.0,0.0036,0.0,0.025,0.07,0.0006,-0.0036,Ledger,NO
2022-01-04,Secondary,WP,0.0007,0.86,0.003,0.0,0.002,0.0,0.025,0.1,0.002,-0.002,Ledger,NO
2022-01-05,Secondary,NP,0.257,321.73,0.0034,0.001,0.2614,0.0,0.025,0.005,0.0044,-0.2614,Main,NO
2022-01-05,Mint,WP,0.006,7.49,0.0016,0.0,0.0076,0.0,0.025,0.0,0.0016,-0.0076,Ledger,NO
2022-01-05,Mint,WP,0.006,7.49,0.0016,0.0,0.0076,0.0,0.025,0.0,0.0016,-0.0076,Ledger,NO
2022-01-05,Secondary,WP,0.0072,8.98,0.0045,0.0,0.002,0.0,0.025,0.1,0.002,-0.002,Ledger,NO
2022-01-05,Secondary,WP,0.0,0.00,0.0032,0.0014,0.002,0.0,0.025,0.1,0.002,-0.002,Ledger,NO
2022-01-06,Mint,WP,0.08,101.27,0.005,0.0009,0.086,0.249,0.025,0.025,0.0184,0.1506,Main,NO
2022-01-07,Mint,MK,0.044,55.66,0.0011,0.0011,0.0462,0.0,0.025,0.1,0.0022,-0.0462,Main,Transfer Sent
2022-01-07,Mint,MK,0.044,55.66,0.0011,0.0007,0.0458,0.0,0.025,0.1,0.0018,-0.0458,Main,NO
2022-01-07,Mint,MK,0.044,55.66,0.0011,0.0011,0.0462,0.0,0.025,0.1,0.0022,-0.0462,Ledger,Transfer Received
2022-01-07,Mint,MK,0.044,55.66,0.0011,0.0007,0.0458,0.0,0.025,0.1,0.0018,-0.0458,Ledger,Transfer Received
2022-01-09,Mint,NP,0.15,475.91,0.0129,0.01,0.1729,0.169,0.025,0.1,0.044,-0.025,Main,NO
2022-01-09,Mint,NP,0.15,475.91,0.0129,0.0,0.1629,0.178,0.025,0.1,0.0351,-0.0071,Main,NO
2022-01-09,Mint,WP,0.1181,156.65,0.0036,0.0,0.1217,0.0,0.025,0.1,0.0036,-0.1217,Ledger,NO
2022-01-10,Secondary,NP,0.1,120.04,0.0,0.0008,0.1008,0.0,0.025,0.0,0.0008,-0.1008,Ledger,NO
2022-01-10,Mint,NP,0.2,614.74,0.0256,0.0,0.2256,0.299,0.025,0.075,0.0555,0.0435,Main,NO
2022-01-10,Mint,TW,0.044,58.49,0.0033,0.0016,0.0489,0.065,0.025,0.05,0.0097,0.0113,Main,NO
2022-01-10,Mint,MK,0.033,46.12,0.004,0.0,0.037,0.0,0.025,0.1,0.004,-0.037,Ledger,NO
2022-01-12,Mint,NP,0.0,0.00,0.002,0.0016,0.0035,0.013,0.025,0.0,0.0039,0.0091,Ledger,NO
2022-01-12,Mint,WP,0.006,8.50,0.0022,0.0,0.0082,0.0,0.025,0.0,0.0022,-0.0082,Ledger,NO
2022-01-12,Airdrop,TW,0.0,0.00,0.0,0.0008,0.0008,0.0,0.025,0.1,0.0008,-0.0008,Ledger,NO
2022-01-14,Mint,NP,0.25,818.72,0.0352,0.0136,0.2988,1.79,0.025,0.1,0.2725,1.2675,Main,NO
2022-01-14,Mint,NP,0.25,818.72,0.0352,0.0,0.2852,1.987,0.025,0.1,0.2836,1.4534,Main,NO
2022-01-14,Airdrop,MK,0.0,0.00,0.0037,0.0,0.0037,0.0,0.025,0.0,0.0037,-0.0037,Main,Transfer Sent
2022-01-14,Mint,NP,0.0,0.00,0.002,0.0,0.002,0.0,0.025,0.1,0.002,-0.002,Ledger,NO
2022-01-14,Mint,NP,0.0,0.00,0.0019,0.0,0.0019,0.0,0.025,0.1,0.0019,-0.0019,Ledger,NO
2022-01-14,Airdrop,MK,0.0,0.00,0.0037,0.0,0.0037,0.0,0.025,0.0,0.0037,-0.0037,Ledger,Transfer Received
2022-01-16,Mint,YT,0.069,231.29,0.0098,0.0,0.0788,0.0,0.025,0.05,0.0098,-0.0788,Main,Transfer Sent
2022-01-16,Mint,TW,0.0,0.00,0.0033,0.0012,0.0045,0.49,0.025,0.0,0.0168,0.4732,Main,NO
2022-01-16,Mint,YT,0.069,231.29,0.0098,0.0,0.0788,0.0,0.025,0.05,0.0098,-0.0788,Ledger,Transfer Received
2022-01-17,Mint,MK,0.05,79.03,0.0065,0.0,0.0565,0.0,0.025,0.0,0.0065,-0.0565,Ledger,Transfer Sent
2022-01-17,Mint,MK,0.05,79.01,0.0017,0.0015,0.0531,0.0,0.025,0.0,0.0031,-0.0531,Ledger,NO
2022-01-17,Mint,MK,0.05,79.01,0.0017,0.0,0.0517,0.0,0.025,0.0,0.0017,-0.0517,Ledger,NO
2022-01-17,Mint,NP,0.0,0.00,0.004,0.0,0.004,0.0,0.025,0.006,0.004,-0.004,Ledger,NO
2022-01-19,Mint,MK,0.0067,10.22,0.0034,0.0,0.01,0.0,0.025,0.042,0.0034,-0.01,Ledger,NO
2022-01-20,Mint,NP,0.088,286.06,0.0198,0.0046,0.1124,1.928,0.025,0.075,0.2172,1.6228,Main,NO
2022-01-20,Mint,WP,0.0,0.00,0.0036,0.0,0.0036,0.0,0.025,0.025,0.0036,-0.0036,Main,Transfer Sent
2022-01-20,Mint,MK,0.0,0.00,0.0045,0.0,0.0045,0.0,0.025,0.1,0.0045,-0.0045,Ledger,NO
2022-01-20,Mint,WP,0.0,0.00,0.0025,0.0,0.0025,0.0,0.025,0.025,0.0025,-0.0025,Ledger,NO
2022-01-20,Mint,WP,0.0,0.00,0.0034,0.0,0.0034,0.0,0.025,0.025,0.0034,-0.0034,Ledger,NO
2022-01-20,Mint,WP,0.0,0.00,0.0036,0.0,0.0036,0.0,0.025,0.025,0.0036,-0.0036,Ledger,Transfer Received
2022-01-21,Mint,MK,0.0069,11.44,0.0029,0.0,0.0098,0.0,0.025,0.0,0.0029,-0.0098,Main,Transfer Sent
2022-01-21,Mint,MK,0.05,82.62,0.0023,0.0,0.0523,0.0,0.025,0.15,0.0023,-0.0523,Ledger,NO
2022-01-21,Mint,MK,0.0169,28.02,0.0022,0.0,0.0191,0.0,0.025,0.1,0.0022,-0.0191,Ledger,NO
2022-01-21,Mint,MK,0.0069,11.44,0.0029,0.0,0.0098,0.0,0.025,0.0,0.0029,-0.0098,Ledger,Transfer Received
2022-01-22,Mint,MK,0.0044,719.00,0.0021,0.0,0.0065,0.0,0.025,0.1,0.0021,-0.0065,Ledger,NO
2022-01-23,Mint,MK,0.0,0.00,0.0032,0.0,0.0032,0.0,0.025,0.1,0.0032,-0.0032,Ledger,NO
2022-01-23,Mint,MK,0.0,0.00,0.0002,0.001,0.0012,0.0,0.025,0.0,0.0012,-0.0012,Ledger,NO
2022-01-23,Mint,MK,0.0,0.00,0.0002,0.0,0.0002,0.0,0.025,0.0,0.0002,-0.0002,Ledger,NO
2022-01-23,Mint,MK,0.0,0.00,0.0002,0.0,0.0002,0.0,0.025,0.0,0.0002,-0.0002,Ledger,NO
2022-01-23,Mint,MK,0.0,0.00,0.0002,0.0,0.0002,0.0,0.025,0.0,0.0002,-0.0002,Ledger,NO
2022-01-23,Mint,MK,0.0,0.00,0.0002,0.0,0.0002,0.0,0.025,0.0,0.0002,-0.0002,Ledger,NO
2022-01-23,Mint,MK,0.0,0.00,0.0002,0.0,0.0002,0.0,0.025,0.0,0.0002,-0.0002,Ledger,NO
2022-01-23,Mint,MK,0.0,0.00,0.0002,0.0,0.0002,0.0,0.025,0.0,0.0002,-0.0002,Ledger,NO
2022-01-23,Mint,MK,0.0,0.00,0.0002,0.0,0.0002,0.0,0.025,0.0,0.0002,-0.0002,Ledger,NO
2022-01-23,Mint,MK,0.0,0.00,0.0002,0.0,0.0002,0.0,0.025,0.0,0.0002,-0.0002,Ledger,NO
2022-01-23,Mint,MK,0.0,0.00,0.0002,0.0,0.0002,0.0,0.025,0.0,0.0002,-0.0002,Ledger,NO
2022-01-23,Mint,MK,0.0,0.00,0.0002,0.0,0.0002,0.0,0.025,0.0,0.0002,-0.0002,Ledger,NO
2022-01-23,Mint,MK,0.0,0.00,0.0002,0.0,0.0002,0.0,0.025,0.0,0.0002,-0.0002,Ledger,NO
2022-01-23,Mint,MK,0.0,0.00,0.0002,0.0,0.0002,0.0,0.025,0.0,0.0002,-0.0002,Ledger,NO
2022-01-23,Mint,MK,0.0,0.00,0.0002,0.0,0.0002,0.0,0.025,0.0,0.0002,-0.0002,Ledger,NO
2022-01-23,Mint,MK,0.0,0.00,0.0002,0.0,0.0002,0.0,0.025,0.0,0.0002,-0.0002,Ledger,NO
2022-01-23,Mint,MK,0.0,0.00,0.0002,0.0,0.0002,0.0,0.025,0.0,0.0002,-0.0002,Ledger,NO
2022-01-23,Mint,MK,0.0,0.00,0.0002,0.0,0.0002,0.0,0.025,0.0,0.0002,-0.0002,Ledger,NO
2022-01-23,Mint,MK,0.0,0.00,0.0002,0.0,0.0002,0.0,0.025,0.0,0.0002,-0.0002,Ledger,NO
2022-01-23,Mint,MK,0.0,0.00,0.0002,0.0,0.0002,0.0,0.025,0.0,0.0002,-0.0002,Ledger,NO
2022-01-23,Mint,MK,0.0,0.00,0.0002,0.0,0.0002,0.0,0.025,0.0,0.0002,-0.0002,Ledger,NO
2022-01-23,Mint,MK,0.07,114.20,0.0025,0.0007,0.0732,0.0,0.025,0.1,0.0032,-0.0732,Ledger,NO
2022-01-24,Mint,MK,0.006,9.65,0.0031,0.0013,0.0104,0.0,0.025,0.05,0.0044,-0.0104,Ledger,NO
2022-01-24,Mint,MK,0.0666,103.64,0.0028,0.0,0.0694,0.0,0.025,0.1,0.0028,-0.0694,Ledger,NO
2022-01-24,Mint,MK,0.0,0.00,0.0031,0.0011,0.0042,0.029,0.025,0.042,0.0061,0.0229,Ledger,NO
2022-01-24,Mint,MK,0.0088,14.10,0.0007,0.0,0.0095,0.0,0.025,0.1,0.0007,-0.0095,Ledger,NO
2022-01-24,Mint,MK,0.0088,14.10,0.0007,0.0,0.0095,0.0,0.025,0.1,0.0007,-0.0095,Ledger,NO
2022-01-24,Mint,MK,0.0088,14.10,0.0007,0.0,0.0095,0.0,0.025,0.1,0.0007,-0.0095,Ledger,NO
2022-01-24,Mint,MK,0.0088,14.10,0.0007,0.0,0.0095,0.0,0.025,0.1,0.0007,-0.0095,Ledger,NO
2022-01-24,Mint,MK,0.0088,14.10,0.0007,0.0,0.0095,0.0,0.025,0.1,0.0007,-0.0095,Ledger,NO
2022-01-27,Airdrop,MK,0.0,0.00,0.0,0.0,0.0,0.0,0.025,0.069,0.0,0.0,Ledger,NO
2022-01-27,Airdrop,MK,0.0,0.00,0.0,0.0,0.0,0.0,0.025,0.069,0.0,0.0,Ledger,NO
2022-01-27,Mint,MK,0.0,0.00,0.0026,0.0,0.0026,0.0,0.025,0.1,0.0026,-0.0026,Ledger,NO
2022-01-28,Mint,NP,0.09,230.99,0.0177,0.0054,0.1131,0.175,0.025,0.05,0.0362,0.0488,Main,NO
2022-01-28,Mint,NP,0.09,230.99,0.01,0.0,0.1,0.2,0.025,0.05,0.025,0.085,Main,NO
2022-01-28,Mint,NP,0.09,230.99,0.01,0.0,0.1,0.198,0.025,0.05,0.0249,0.0832,Main,NO
2022-01-30,Mint,MK,0.0007,1.08,0.0011,0.0,0.0018,0.0,0.025,0.1,0.0011,-0.0018,Ledger,NO
2022-01-30,Mint,MK,0.0007,1.08,0.0011,0.0,0.0018,0.0,0.025,0.1,0.0011,-0.0018,Ledger,NO
2022-02-01,Mint,NP,0.25,695.46,0.056,0.0163,0.3223,0.4188,0.025,0.1,0.1246,0.0442,Main,NO
2022-02-01,Mint,NP,0.25,695.46,0.056,0.0,0.306,0.548,0.025,0.1,0.1245,0.1735,Main,NO
2022-02-01,Airdrop,MK,0.0,0.00,0.0055,0.0,0.0055,0.0,0.025,0.1,0.0055,-0.0055,Ledger,NO
2022-02-02,Secondary,NP,0.135,366.02,0.0288,0.0061,0.1698,0.01,0.025,0.0,0.0351,-0.1601,Main,NO
2022-02-04,Mint,NP,0.1,295.56,0.0119,0.0051,0.117,0.169,0.025,0.1,0.0382,0.0308,Main,NO
2022-02-04,Mint,NP,0.1,295.70,0.0132,0.0018,0.115,0.0,0.025,0.1,0.015,-0.115,Main,NO
2022-02-04,Mint,NP,0.077,233.18,0.009,0.0045,0.0905,0.197,0.025,0.075,0.0332,0.0868,Main,NO
2022-02-04,Mint,NP,0.077,233.18,0.009,0.0,0.086,0.0,0.025,0.075,0.009,-0.086,Main,NO
2022-02-04,Mint,WP,0.0,0.00,0.0047,0.0,0.0047,0.0,0.025,0.0,0.0047,-0.0047,Main,NO
2022-02-04,Airdrop,MK,0.0,0.00,0.0,0.0,0.0,0.0,0.025,0.069,0.0,0.0,Ledger,NO
2022-02-04,Mint,WP,0.0,0.00,0.0043,0.0,0.0043,0.0,0.025,0.0,0.0043,-0.0043,Ledger,NO
2022-02-05,Mint,NP,0.15,454.78,0.019,0.0077,0.1767,0.21,0.025,0.075,0.0477,0.0123,Main,NO
2022-02-05,Mint,NP,0.15,454.78,0.019,0.0,0.169,0.224,0.025,0.075,0.0414,0.0326,Main,NO
2022-02-05,Mint,NP,0.15,454.78,0.019,0.0,0.169,0.221,0.025,0.075,0.0411,0.0299,Main,NO
2022-02-05,Mint,MK,0.0,0.00,0.0027,0.0,0.0027,0.013,0.025,0.1,0.0043,0.0087,Main,NO
2022-02-05,Airdrop,MK,0.0,0.00,0.0022,0.0018,0.004,0.261,0.025,0.0,0.0106,0.2504,Main,Transfer Sent
2022-02-07,Mint,NP,0.0,0.00,0.0137,0.0072,0.0209,0.0,0.025,0.0,0.0209,-0.0209,Main,NO
2022-02-10,Mint,NP,3.0,22.54,0.0091,0.0026,3.0117,6.0,0.025,0.075,0.6117,2.3883,Main,NO
2022-02-11,Mint,NP,0.05,155.81,0.0102,0.0025,0.0627,0.114,0.025,0.1,0.027,0.037,Main,NO
2022-02-11,Secondary,AS,0.059,90.00,0.0057,0.0012,0.0659,0.02,0.025,0.0,0.0074,-0.0464,Main,NO
2022-02-11,Mint,MK,0.0,0.00,0.0018,0.0015,0.0033,0.0,0.025,0.1,0.0033,-0.0033,Main,NO
2022-02-11,Mint,WP,0.0,0.00,0.0066,0.0016,0.0082,0.0009,0.025,0.05,0.0083,-0.0074,Burner,NO
2022-02-15,Mint,NP,0.125,388.97,0.007,0.0034,0.1354,0.17,0.025,0.075,0.0274,0.0176,Main,NO
2022-02-15,Mint,YT,0.125,388.97,0.007,0.0,0.132,0.1689,0.025,0.075,0.0239,0.02,Main,NO
2022-02-16,Secondary,WP,0.072,118.94,0.0051,0.0016,0.0787,0.0,0.025,0.1,0.0067,-0.0787,Main,NO
2022-02-16,Secondary,WP,0.08,132.29,0.0046,0.0,0.0846,0.0,0.025,0.1,0.0046,-0.0846,Main,NO
2022-02-16,Airdrop,MK,0.0,0.00,0.009,0.0025,0.0115,0.0,0.025,0.1,0.0115,-0.0115,Ledger,NO
2022-02-17,Mint,TW,0.18,517.12,0.0099,0.0053,0.1952,0.35,0.025,0.075,0.0502,0.1198,Main,NO
2022-02-17,Mint,TW,0.18,517.12,0.0099,0.0,0.1899,0.31,0.025,0.075,0.0409,0.0891,Main,NO
2022-02-17,Airdrop,WP,0.0,0.00,0.0051,0.0,0.0051,0.087,0.025,0.1,0.016,0.071,Main,NO
2022-02-17,Secondary,AS,0.0525,89.67,0.0084,0.0034,0.0643,0.04,0.0,0.005,0.012,-0.0245,Ledger,NO
2022-02-17,Secondary,AS,0.0525,89.67,0.0084,0.0,0.0609,0.039,0.0,0.005,0.0086,-0.0221,Ledger,NO
2022-02-18,Airdrop,WP,0.0,1.17,0.0061,0.0,0.0061,0.094,0.025,0.1,0.0179,0.0761,Main,NO
2022-02-19,Airdrop,MK,0.0,0.00,0.0043,0.0,0.0043,0.0,0.025,0.1,0.0043,-0.0043,Ledger,NO
2022-02-19,Secondary,NP,0.125,208.00,0.0045,0.001,0.1305,0.154,0.0,0.005,0.0063,0.0227,Ledger,NO
2022-02-21,Mint,NP,1.5,3866.51,0.0177,0.0,1.5177,0.0,0.025,0.05,0.0177,-1.5177,Main,Transfer Sent
2022-02-21,Secondary,NP,0.11,284.74,0.0212,0.0092,0.1404,0.018,0.025,0.075,0.0322,-0.1242,Main,NO
2022-02-21,Mint,WP,0.22,360.33,0.0027,0.0022,0.2248,0.297,0.005,0.05,0.0212,0.0558,Main,NO
2022-02-21,Mint,WP,0.22,360.33,0.0027,0.0013,0.224,0.32,0.005,0.05,0.0216,0.0784,Main,NO
2022-02-21,Mint,NP,1.5,3866.51,0.0177,0.0,1.5177,0.0,0.025,0.05,0.0177,-1.5177,Ledger,Transfer Received
2022-02-22,Mint,NP,0.07,176.72,0.0042,0.0038,0.078,0.1485,0.025,0.075,0.0229,0.0556,Main,NO
2022-02-22,Mint,NP,0.07,176.72,0.0042,0.0,0.0742,0.197,0.025,0.075,0.0239,0.1031,Main,NO
2022-02-22,Mint,NP,0.07,176.72,0.0042,0.0,0.0742,0.271,0.025,0.075,0.0313,0.1697,Main,NO
2022-02-22,Mint,MK,0.0,0.00,0.0036,0.0,0.0036,0.0,0.025,0.1,0.0036,-0.0036,Main,NO
2022-02-23,Mint,YT,0.18,484.99,0.0083,0.0026,0.1909,0.0,0.025,0.1,0.0109,-0.1909,Main,Transfer Sent
2022-02-23,Mint,NP,0.0008,1.25,0.0059,0.0,0.0067,0.0,0.025,0.0,0.0059,-0.0067,Main,NO
2022-02-23,Mint,YT,0.18,484.99,0.0083,0.0026,0.1909,0.0,0.025,0.1,0.0109,-0.1909,Ledger,Transfer Received
2022-02-23,Mint,NP,0.0008,1.25,0.0064,0.0,0.0072,0.0,0.025,0.0,0.0064,-0.0072,Ledger,NO
2022-02-24,Mint,AZ,0.007,11.26,0.0006,0.0014,0.009,0.0,0.025,0.0,0.002,-0.009,Main,NO
2022-02-24,Mint,AZ,0.007,11.26,0.0006,0.0,0.0076,0.0,0.025,0.0,0.0006,-0.0076,Main,NO
2022-02-24,Mint,AZ,0.007,11.26,0.0006,0.0,0.0076,0.0,0.025,0.0,0.0006,-0.0076,Main,NO
2022-02-24,Mint,AZ,0.007,11.26,0.0006,0.0,0.0076,0.0,0.025,0.0,0.0006,-0.0076,Main,NO
2022-02-24,Mint,AZ,0.007,11.26,0.0006,0.0,0.0076,0.0,0.025,0.0,0.0006,-0.0076,Main,NO
2022-02-26,Secondary,AS,0.0207,33.13,0.0036,0.0011,0.0253,0.0279,0.0,0.005,0.0048,0.0025,Main,NO
2022-02-26,Secondary,AS,0.0207,33.13,0.0036,0.0,0.0242,0.0294,0.0,0.005,0.0037,0.005,Main,NO
2022-02-26,Secondary,AS,0.0207,33.13,0.0036,0.0,0.0242,0.032,0.0,0.005,0.0037,0.0076,Main,NO
2022-02-26,Secondary,AG,0.005,8.18,0.0032,0.0,0.0082,0.0,0.025,0.1,0.0032,-0.0082,Ledger,NO
2022-02-27,Mint,TW,0.0059,15.37,0.0083,0.0058,0.02,0.0,0.025,0.0,0.0141,-0.02,Main,Transfer Sent
2022-02-27,Mint,TW,0.0059,15.37,0.0083,0.0058,0.02,0.0,0.025,0.0,0.0141,-0.02,Ledger,Transfer Received
2022-02-28,Mint,WP,0.2697,438.86,0.0061,0.0017,0.2775,0.2986,0.0,0.005,0.0093,0.0196,Ledger,NO
2022-03-01,Mint,YT,0.07,207.83,0.0036,0.0029,0.0765,0.1297,0.025,0.05,0.0162,0.0435,Main,NO
2022-03-01,Mint,YT,0.07,207.83,0.0036,0.0,0.0736,0.197,0.025,0.05,0.0184,0.1086,Main,NO
2022-03-02,Mint,WP,0.0,0.00,0.0036,0.0,0.0036,0.0,0.0,0.0,0.0036,-0.0036,Main,NO
2022-03-03,Mint,NP,0.35,949.79,0.0096,0.0024,0.362,0.647,0.025,0.05,0.0605,0.2365,Main,NO
2022-03-03,Secondary,WP,0.0295,46.28,0.0048,0.0022,0.0365,0.039,0.0,0.05,0.009,0.0005,Main,NO
2022-03-04,Mint,YT,0.6,1571.83,0.0159,0.0022,0.6181,0.0,0.025,0.04,0.0181,-0.6181,Main,Transfer Sent
2022-03-04,Mint,TW,0.088,230.23,0.0032,0.0028,0.094,0.198,0.025,0.075,0.0258,0.0842,Main,NO
2022-03-04,Mint,TW,0.088,230.23,0.0032,0.0,0.0912,0.189,0.025,0.075,0.0221,0.0789,Main,NO
2022-03-04,Mint,YT,0.6,1571.83,0.0159,0.0022,0.6181,0.0,0.025,0.04,0.0181,-0.6181,Ledger,Transfer Received
2022-03-06,Mint,MK,0.0007,1.08,0.0035,0.0,0.0042,0.0,0.025,0.15,0.0035,-0.0042,Ledger,NO
2022-03-07,Mint,WP,0.0008,1.22,0.0006,0.0,0.0014,0.0,0.0,0.0,0.0006,-0.0014,Main,NO
2022-03-07,Mint,WP,0.0008,1.22,0.0006,0.0,0.0014,0.0,0.0,0.0,0.0006,-0.0014,Main,NO
2022-03-07,Mint,WP,0.0008,1.22,0.0006,0.0,0.0014,0.0,0.0,0.0,0.0006,-0.0014,Main,NO
2022-03-07,Mint,WP,0.0008,1.22,0.0006,0.0,0.0014,0.0,0.0,0.0,0.0006,-0.0014,Main,NO
2022-03-07,Mint,WP,0.0008,1.22,0.0006,0.0,0.0014,0.0,0.0,0.0,0.0006,-0.0014,Main,NO
2022-03-07,Mint,NP,0.087,245.75,0.0073,0.0,0.0943,0.129,0.0,0.057,0.0147,0.0273,Main,NO
2022-03-07,Mint,WP,0.0008,1.22,0.0007,0.0,0.0014,0.0,0.025,0.0,0.0007,-0.0014,Ledger,NO
2022-03-07,Mint,WP,0.0008,1.22,0.0007,0.0,0.0014,0.0,0.025,0.0,0.0007,-0.0014,Ledger,NO
2022-03-07,Mint,WP,0.0008,1.22,0.0007,0.0,0.0014,0.0,0.025,0.0,0.0007,-0.0014,Ledger,NO
2022-03-07,Mint,WP,0.0008,1.22,0.0007,0.0,0.0014,0.0,0.025,0.0,0.0007,-0.0014,Ledger,NO
2022-03-07,Mint,WP,0.0008,1.22,0.0007,0.0,0.0014,0.0,0.025,0.0,0.0007,-0.0014,Ledger,NO
2022-03-08,Secondary,NP,0.0299,45.60,0.008,0.0017,0.0396,0.0055,0.0,0.05,0.01,-0.0344,Main,NO
2022-03-08,Secondary,NP,0.0299,45.60,0.008,0.0,0.0379,0.0055,0.0,0.05,0.0083,-0.0327,Main,NO
2022-03-08,Secondary,NP,0.1,155.15,0.0085,0.0027,0.1112,0.12,0.0,0.005,0.0118,0.0082,Ledger,NO
2022-03-08,Secondary,NP,0.59,917.13,0.0066,0.0,0.5966,0.644,0.0,0.005,0.0099,0.0441,Ledger,NO
2022-03-08,Secondary,NP,0.55,825.81,0.0041,0.0,0.5541,0.1199,0.0,0.005,0.0047,-0.4348,Ledger,NO
2022-03-09,Airdrop,NP,0.0,0.00,0.0,0.0029,0.0029,0.0,0.025,0.05,0.0029,-0.0029,Ledger,Transfer Received
2022-03-09,Secondary,NP,0.745,1936.81,0.013,0.0291,0.7871,0.949,0.025,0.03,0.0943,0.1097,Ledger,NO
2022-03-09,Airdrop,MK,0.0,0.00,0.0,0.0,0.0,0.0,0.025,0.05,0.0,0.0,Ledger,NO
2022-03-09,Airdrop,MK,0.0,13.37,0.0009,0.0,0.0009,0.0,0.025,0.1,0.0009,-0.0009,Ledger,NO
2022-03-09,Airdrop,MK,0.0,0.00,0.0,0.0,0.0,0.0,0.025,0.1,0.0,0.0,Ledger,NO
2022-03-09,Airdrop,MK,0.0,0.00,0.0,0.0,0.0,0.0,0.025,0.1,0.0,0.0,Ledger,NO
2022-03-09,Airdrop,MK,0.0,0.00,0.0,0.0,0.0,0.0,0.025,0.1,0.0,0.0,Ledger,NO
2022-03-09,Airdrop,MK,0.0,0.00,0.0,0.0,0.0,0.0,0.025,0.1,0.0,0.0,Ledger,NO
2022-03-10,Mint,NP,0.15,391.48,0.0018,0.0023,0.1541,0.2498,0.025,0.1,0.0353,0.0645,Main,NO
2022-03-10,Mint,NP,0.15,391.48,0.0018,0.0,0.1518,0.234,0.025,0.1,0.0311,0.053,Main,NO
2022-03-10,Mint,AS,0.4,22.54,0.0082,0.0025,0.4107,4.0,0.025,0.075,0.4107,3.1893,Main,NO
2022-03-10,Secondary,WP,0.0129,35.20,0.008,0.002,0.0229,0.006,0.0,0.005,0.01,-0.0169,Ledger,NO
2022-03-10,Secondary,WP,0.025,53.48,0.0066,0.0,0.0316,0.0049,0.0,0.005,0.0066,-0.0267,Ledger,NO
2022-03-10,Secondary,WP,0.025,53.48,0.0066,0.0,0.0316,0.002,0.0,0.005,0.0066,-0.0296,Ledger,NO
2022-03-14,Mint,NP,0.15,379.30,0.0042,0.0033,0.1575,0.4469,0.025,0.08,0.0544,0.2425,Main,NO
2022-03-16,Mint,NP,1.0,2662.03,0.0036,0.0021,1.0057,1.149,0.025,0.05,0.0919,0.0571,Main,NO
2022-03-16,Mint,NP,0.088,0.00,0.0021,0.0021,0.0922,0.121,0.025,0.075,0.0163,0.0167,Main,NO
2022-03-16,Mint,NP,0.088,0.00,0.0021,0.0,0.0901,0.1279,0.025,0.075,0.0149,0.025,Main,NO
2022-03-16,Mint,NP,0.088,0.00,0.0021,0.0,0.0901,0.1276,0.025,0.075,0.0149,0.0247,Main,NO
2022-03-16,Mint,NP,1.0,2642.73,0.0039,0.0,1.0039,1.482,0.025,0.05,0.115,0.367,Ledger,NO
2022-03-22,Mint,NP,0.06,105.36,0.0033,0.0016,0.0649,0.2449,0.0,0.075,0.0233,0.1616,Ledger,NO
2022-03-25,Mint,LV,0.2,631.18,0.01,0.0,0.21,0.585,0.025,0.075,0.0685,0.3165,Main,NO
2022-03-25,Secondary,LV,0.329,1021.82,0.0097,0.0013,0.34,0.459,0.025,0.075,0.0569,0.0731,Main,NO
2022-03-25,Secondary,LV,0.499,1552.51,0.0109,0.0,0.5099,0.0,0.025,0.075,0.0109,-0.5099,Main,NO
2022-03-25,Airdrop,MK,0.0,1.21,0.0036,0.0,0.0036,0.0,0.0,0.042,0.0036,-0.0036,Ledger,NO
2022-03-30,Mint,NP,0.0,0.00,0.0028,0.0014,0.0042,0.01,0.0,0.06,0.0048,0.0052,Main,NO
2022-03-31,Airdrop,NP,0.0,0.00,0.0,0.0017,0.0017,0.086,0.0,0.005,0.0022,0.0838,Ledger,NO
2022-03-31,Airdrop,NP,0.0,0.00,0.0,0.0,0.0,0.479,0.0,0.005,0.0024,0.4766,Ledger,NO
2022-04-02,Airdrop,NP,0.0,0.00,0.0,0.001,0.001,0.012,0.0,0.005,0.001,0.011,Main,NO
2022-04-03,Mint,NP,0.0007,1.26,0.004,0.0014,0.0061,0.0,0.0,0.05,0.0054,-0.0061,Main,NO
2022-04-04,Mint,NP,0.12,224.42,0.0183,0.0,0.1383,0.217,0.0,0.075,0.0345,0.0625,Ledger,NO
2022-04-04,Secondary,WP,0.075,140.23,0.0138,0.0042,0.093,0.0,0.0,0.0,0.018,-0.093,Ledger,NO
2022-04-07,Mint,LV,0.15,478.90,0.0116,0.0081,0.1697,0.497,0.025,0.07,0.067,0.28,Main,NO
2022-04-07,Mint,LV,0.15,478.90,0.0116,0.0,0.1616,0.568,0.025,0.07,0.0656,0.3524,Main,NO
2022-04-07,Mint,NP,0.0007,1.28,0.0037,0.0,0.0044,0.0,0.025,0.125,0.0037,-0.0044,Main,NO
2022-04-09,Secondary,NP,0.1,301.03,0.008,0.0075,0.1156,0.0,0.025,0.1,0.0156,-0.1156,Main,Transfer Sent
2022-04-09,Secondary,NP,0.1,301.03,0.008,0.0075,0.1156,0.0,0.025,0.1,0.0156,-0.1156,Ledger,Transfer Received
2022-04-10,Mint,NP,0.33,22.54,0.0078,0.0,0.3378,3.5,0.025,0.069,0.3368,2.8332,Main,NO
2022-04-11,Mint,NP,0.0375,113.46,0.0104,0.0023,0.0502,0.079,0.025,0.0,0.0147,0.0268,Main,NO
2022-04-11,Mint,NP,0.0375,113.46,0.0104,0.0028,0.0507,0.055,0.025,0.0,0.0146,0.0029,Main,NO
2022-04-12,Mint,NP,0.0,0.00,0.0016,0.0,0.0016,0.0,0.0,0.0,0.0016,-0.0016,Main,NO
2022-04-12,Secondary,AS,0.0105,20.18,0.0047,0.0013,0.0165,0.0007,0.0,0.063,0.0061,-0.0159,Main,NO
2022-04-12,Secondary,AS,0.0105,20.18,0.0047,0.0,0.0152,0.0007,0.0,0.063,0.0048,-0.0146,Main,NO
2022-04-12,Secondary,AS,0.0105,20.18,0.0047,0.0,0.0152,0.0014,0.0,0.063,0.0048,-0.0139,Main,NO
2022-04-12,Secondary,AS,0.0105,20.18,0.0047,0.0,0.0152,0.0007,0.0,0.063,0.0048,-0.0146,Main,NO
2022-04-14,Mint,NP,0.25,753.83,0.0124,0.0034,0.2659,0.36,0.025,0.07,0.0501,0.0599,Main,NO
2022-04-14,Secondary,NP,0.158,329.64,0.007,0.0017,0.1667,0.0,0.025,0.042,0.0087,-0.1667,Ledger,NO
2022-04-14,Secondary,NP,0.108,232.66,0.0059,0.0,0.1139,0.0,0.025,0.042,0.0059,-0.1139,Ledger,NO
2022-04-14,Secondary,NP,0.1269,264.94,0.0034,0.0,0.1303,0.0,0.025,0.042,0.0034,-0.1303,Ledger,NO
2022-04-14,Secondary,NP,0.097,202.95,0.0038,0.0,0.1008,0.0,0.025,0.042,0.0038,-0.1008,Ledger,NO
2022-04-14,Secondary,NP,0.097,202.95,0.0038,0.0,0.1008,0.0,0.025,0.042,0.0038,-0.1008,Ledger,NO
2022-04-15,Mint,MK,0.0,0.00,0.0044,0.0018,0.0062,0.0,0.025,0.1,0.0062,-0.0062,Main,NO
2022-04-15,Secondary,WP,0.034,71.44,0.005,0.0014,0.0404,0.0262,0.0,0.0,0.0064,-0.0142,Ledger,NO
2022-04-17,Secondary,NP,0.12,368.52,0.0088,0.0014,0.1302,0.1469,0.025,0.025,0.0175,0.0094,Main,NO
2022-04-17,Mint,MK,0.0005,1.04,0.0057,0.0,0.0062,0.0,0.025,0.0,0.0057,-0.0062,Ledger,NO
2022-04-19,Mint,NP,0.0927,289.19,0.0052,0.0021,0.1,0.1249,0.025,0.05,0.0167,0.0155,Main,NO
2022-04-22,Secondary,NP,0.269,797.06,0.0116,0.0036,0.2842,0.007,0.025,0.1,0.0161,-0.2781,Main,NO
2022-04-22,Secondary,NP,0.259,767.43,0.0099,0.0,0.2689,0.007,0.025,0.1,0.0108,-0.2628,Main,NO
2022-04-22,Secondary,NP,2.1,7128.38,0.0077,0.0053,2.113,4.69,0.025,0.05,0.3648,2.2252,Ledger,NO
2022-04-25,Mint,AS,0.039,70.74,0.0042,0.0033,0.0465,0.055,0.0,0.0,0.0075,0.0085,Main,NO
2022-04-25,Mint,AS,0.039,70.74,0.0042,0.0,0.0432,0.0,0.025,0.0,0.0042,-0.0432,Main,NO
2022-04-27,Mint,NP,0.2,576.78,0.0054,0.0,0.2054,0.067,0.025,0.05,0.0104,-0.1434,Main,NO
2022-04-27,Mint,MK,0.0,0.00,0.0061,0.0,0.0061,0.0,0.025,0.0,0.0061,-0.0061,Main,NO
2022-05-01,Mint,NP,2.9349,8298.48,1.0946,0.0111,4.0406,7.88,0.025,0.05,1.6967,3.2484,Ledger,NO
2022-05-01,Mint,NP,2.9349,8298.48,1.0946,0.0014,4.031,1.54,0.025,0.005,1.1423,-2.5372,Ledger,NO
2022-05-10,Mint,LV,0.25,22.54,0.0078,0.0,0.2578,2.9,0.025,0.069,0.2804,2.3696,Main,NO
2022-05-16,Secondary,NP,0.018,36.52,0.0051,0.0008,0.0239,0.047,0.025,0.1,0.0117,0.0173,Main,NO
2022-05-17,Mint,NP,0.0,0.00,0.0022,0.0014,0.0036,0.0092,0.025,0.1,0.0048,0.0044,Main,NO
2022-05-18,Mint,NP,0.0,0.00,0.0056,0.0018,0.0074,0.0146,0.025,0.1,0.0092,0.0054,Ledger,NO
2022-05-20,Secondary,NP,0.007,13.73,0.0058,0.0,0.0128,0.0,0.025,0.1,0.0058,-0.0128,Main,NO
2022-05-20,Mint,NP,0.058,112.87,0.0168,0.0009,0.0757,0.22,0.025,0.075,0.0397,0.1223,Ledger,NO
2022-05-21,Mint,NP,0.0,0.00,0.0071,0.003,0.01,0.136,0.025,0.075,0.0236,0.1124,Main,NO
2022-05-22,Secondary,NP,0.0199,39.92,0.0033,0.0,0.0232,0.0294,0.025,0.0,0.004,0.0055,Main,NO
2022-05-22,Secondary,NP,0.002,4.09,0.0045,0.0013,0.0078,0.0197,0.025,0.02,0.0067,0.011,Main,NO
2022-05-22,Secondary,NP,0.004,8.15,0.0069,0.0,0.0109,0.0135,0.025,0.02,0.0075,0.002,Main,NO
2022-05-24,Secondary,NP,0.002,10.11,0.0051,0.0008,0.0079,0.0,0.025,0.0,0.0059,-0.0079,Main,NO
2022-05-25,Secondary,NP,0.215,417.17,0.0049,0.0019,0.2218,0.2997,0.025,0.025,0.0218,0.0629,Main,NO
2022-05-27,Secondary,NP,0.029,20.24,0.0215,0.0039,0.0545,0.0,0.025,0.05,0.0255,-0.0545,Main,NO
2022-05-27,Secondary,NP,0.009,15.69,0.0101,0.0,0.0191,0.0,0.025,0.05,0.0101,-0.0191,Main,NO
2022-05-27,Mint,NP,0.0,0.00,0.0006,0.002,0.0025,0.0,0.025,0.1,0.0025,-0.0025,Main,NO
2022-05-27,Mint,NP,0.0,0.00,0.0006,0.0,0.0006,0.0,0.025,0.1,0.0006,-0.0006,Main,NO
2022-05-27,Mint,NP,0.0,0.00,0.0006,0.0,0.0006,0.0,0.025,0.1,0.0006,-0.0006,Main,NO
2022-05-27,Mint,NP,0.0,0.00,0.0006,0.0,0.0006,0.0,0.025,0.1,0.0006,-0.0006,Main,NO
2022-05-27,Mint,NP,0.0,0.00,0.0006,0.0,0.0006,0.0,0.025,0.1,0.0006,-0.0006,Main,NO
2022-05-27,Mint,NP,0.0,0.00,0.0006,0.0,0.0006,0.0,0.025,0.1,0.0006,-0.0006,Main,NO
2022-05-27,Mint,NP,0.0,0.00,0.0006,0.0,0.0006,0.0,0.025,0.1,0.0006,-0.0006,Main,NO
2022-05-27,Mint,NP,0.0,0.00,0.0006,0.0,0.0006,0.0,0.025,0.1,0.0006,-0.0006,Main,NO
2022-05-27,Mint,NP,0.0,0.00,0.0006,0.0,0.0006,0.0,0.025,0.1,0.0006,-0.0006,Main,NO
2022-05-27,Mint,NP,0.0,0.00,0.0006,0.0,0.0006,0.0,0.025,0.1,0.0006,-0.0006,Main,NO
2022-05-28,Mint,NP,0.0,0.00,0.0021,0.0007,0.0028,0.02,0.025,0.075,0.0048,0.0152,Main,NO
2022-05-28,Mint,NP,0.01,17.89,0.0033,0.0,0.0133,0.059,0.025,0.075,0.0092,0.0398,Main,NO
2022-05-29,Mint,NP,0.0,0.00,0.0031,0.0,0.0031,0.0,0.025,0.1,0.0031,-0.0031,Main,NO
2022-05-29,Mint,NP,0.005,8.99,0.0019,0.002,0.0088,0.019,0.025,0.05,0.0052,0.0087,Main,NO
2022-05-29,Mint,NP,0.005,8.99,0.0019,0.0,0.0069,0.018,0.025,0.05,0.0032,0.0098,Main,NO
2022-05-29,Secondary,NP,0.021,37.82,0.0071,0.0,0.0281,0.0064,0.025,0.05,0.0075,-0.0221,Main,NO
2022-05-29,Secondary,NP,0.0086,15.66,0.0082,0.0012,0.018,0.0,0.025,0.065,0.0094,-0.018,Main,NO
2022-05-29,Secondary,NP,0.009,16.83,0.0094,0.0,0.0184,0.019,0.025,0.065,0.0112,-0.0011,Main,NO
2022-05-29,Secondary,NP,0.0263,48.97,0.0055,0.0,0.0318,0.037,0.025,0.1,0.0102,0.0005,Main,NO
2022-05-30,Secondary,NP,0.0568,112.10,0.0051,0.0014,0.0633,0.119,0.025,0.05,0.0154,0.0468,Main,NO
2022-05-30,Secondary,NP,0.12,236.83,0.0096,0.0,0.1296,0.149,0.025,0.05,0.0208,0.0082,Main,NO
2022-05-31,Secondary,NP,0.01,19.83,0.0142,0.0024,0.0266,0.1,0.025,0.075,0.0266,0.0634,Main,NO
2022-05-31,Secondary,NP,0.008,15.87,0.0188,0.0,0.0268,0.057,0.025,0.075,0.0245,0.0245,Main,NO
2022-06-01,Mint,NP,0.0,0.00,0.0036,0.0016,0.0052,0.0,0.025,0.075,0.0052,-0.0052,Main,NO
2022-06-01,Secondary,NP,0.118,224.23,0.0143,0.0,0.1323,0.1759,0.025,0.075,0.0319,0.026,Main,NO
2022-06-01,Secondary,NP,0.0289,53.35,0.0124,0.0027,0.044,0.0489,0.025,0.05,0.0188,0.0012,Main,NO
2022-06-01,Secondary,NP,0.02,36.69,0.013,0.0,0.033,0.0944,0.025,0.05,0.0201,0.0543,Main,NO
2022-06-01,Secondary,NP,0.01,18.11,0.0147,0.0023,0.0269,0.008,0.025,0.075,0.0177,-0.0197,Main,NO
2022-06-01,Secondary,NP,0.01,18.11,0.0178,0.0,0.0278,0.01,0.025,0.075,0.0188,-0.0188,Main,NO
2022-06-01,Mint,NP,0.0005,9.17,0.0008,0.0018,0.0031,0.009,0.025,0.05,0.0033,0.0052,Main,NO
2022-06-01,Mint,NP,0.0005,9.17,0.0008,0.0,0.0013,0.0324,0.025,0.05,0.0032,0.0287,Main,NO
2022-06-01,Mint,NP,0.0005,9.17,0.0008,0.0,0.0013,0.0019,0.025,0.05,0.0009,0.0005,Main,NO
2022-06-01,Mint,NP,0.0005,9.17,0.0008,0.0,0.0013,0.0034,0.025,0.05,0.0011,0.0018,Main,NO
2022-06-01,Mint,NP,0.0005,9.17,0.0008,0.0,0.0013,0.0029,0.025,0.05,0.001,0.0014,Main,NO
2022-06-03,Mint,NP,0.0,0.00,0.0019,0.0035,0.0054,0.0,0.025,0.05,0.0054,-0.0054,Main,NO
2022-06-03,Mint,NP,0.0,0.00,0.0019,0.0,0.0019,0.0,0.025,0.05,0.0019,-0.0019,Main,NO
2022-06-03,Secondary,NP,0.0825,145.35,0.0085,0.0027,0.0937,0.039,0.025,0.075,0.0151,-0.0586,Main,NO
2022-06-03,Mint,NP,0.0,0.00,0.0011,0.0014,0.0025,0.003,0.025,0.069,0.0027,0.0003,Main,NO
2022-06-03,Mint,NP,0.0,0.00,0.0011,0.0,0.0011,0.0,0.025,0.069,0.0011,-0.0011,Main,NO
2022-06-03,Mint,NP,0.0,0.00,0.0011,0.0,0.0011,0.0,0.025,0.069,0.0011,-0.0011,Main,NO
2022-06-03,Mint,NP,0.0,0.00,0.0011,0.0,0.0011,0.0,0.025,0.069,0.0011,-0.0011,Main,NO
2022-06-03,Mint,NP,0.0,0.00,0.0011,0.0,0.0011,0.0,0.025,0.069,0.0011,-0.0011,Main,NO
2022-06-03,Secondary,NP,1.09,1904.07,0.0132,0.0028,1.1061,0.0,0.025,0.05,0.0161,-1.1061,Ledger,NO
2022-06-04,Mint,NP,0.0777,138.20,0.0034,0.0037,0.0848,0.128,0.025,0.056,0.0174,0.0329,Main,NO
2022-06-04,Mint,NP,0.0777,138.20,0.0034,0.0,0.0811,0.192,0.025,0.056,0.0189,0.0954,Main,NO
2022-06-04,Mint,NP,0.0,0.00,0.0013,0.0018,0.0031,0.0,0.025,0.05,0.0031,-0.0031,Main,NO
2022-06-04,Mint,NP,0.0,0.00,0.0013,0.0,0.0013,0.0,0.025,0.05,0.0013,-0.0013,Main,NO
2022-06-04,Mint,NP,0.0,0.00,0.0013,0.0,0.0013,0.0,0.025,0.05,0.0013,-0.0013,Main,NO
2022-06-04,Mint,NP,0.0,0.00,0.0013,0.0,0.0013,0.0,0.025,0.05,0.0013,-0.0013,Main,NO
2022-06-04,Mint,NP,0.0,0.00,0.0013,0.0,0.0013,0.0,0.025,0.05,0.0013,-0.0013,Main,NO
2022-06-06,Mint,NP,0.2,382.34,0.0083,0.0025,0.2108,0.319,0.025,0.075,0.0427,0.0763,Main,NO
2022-06-07,Secondary,NP,0.015,26.79,0.0183,0.0037,0.037,0.06,0.025,0.075,0.028,0.017,Main,NO
2022-06-07,Secondary,NP,0.05,90.67,0.0137,0.0,0.0637,0.0949,0.025,0.075,0.0232,0.0217,Main,NO
2022-06-07,Secondary,NP,0.169,311.59,0.0126,0.0,0.1816,0.045,0.025,0.075,0.0171,-0.1411,Main,NO
2022-06-07,Mint,NP,0.0,0.00,0.009,0.0,0.009,0.0,0.025,0.075,0.009,-0.009,Main,NO
2022-06-07,Mint,NP,0.0,0.00,0.0034,0.0024,0.0058,0.01,0.025,0.1,0.007,0.003,Main,NO
2022-06-07,Mint,NP,0.0,0.00,0.0034,0.0,0.0034,0.0079,0.025,0.1,0.0044,0.0035,Main,NO
2022-06-07,Mint,NP,0.0,0.00,0.0035,0.0239,0.0274,0.013,0.025,0.1,0.029,-0.016,Burner,NO
2022-06-07,Mint,NP,0.0,0.00,0.0035,0.0,0.0035,0.015,0.025,0.1,0.0054,0.0096,Burner,NO
2022-06-07,Mint,NP,0.0,0.00,0.0093,0.0,0.0093,0.0,0.025,0.075,0.0093,-0.0093,Burner,NO
2022-06-08,Secondary,NP,0.2,364.31,0.0341,0.0044,0.2385,0.36,0.025,0.089,0.0794,0.0806,Main,NO
2022-06-08,Mint,NP,0.0,0.00,0.0112,0.0,0.0112,0.1494,0.025,0.1,0.0299,0.1195,Main,NO
2022-06-08,Mint,NP,0.0163,29.38,0.015,0.003,0.0343,0.111,0.025,0.078,0.0294,0.0653,Main,NO
2022-06-08,Mint,NP,0.0163,29.38,0.015,0.0,0.0313,0.0839,0.025,0.078,0.0236,0.044,Main,NO
2022-06-08,Mint,NP,0.0163,29.38,0.015,0.0,0.0313,0.0579,0.025,0.078,0.0209,0.0207,Main,NO
2022-06-08,Secondary,NP,0.033,58.95,0.0146,0.0031,0.0507,0.0599,0.025,0.075,0.0237,0.0032,Main,NO
2022-06-09,Mint,NP,0.0,0.00,0.0052,0.0139,0.019,0.0,0.025,0.0,0.019,-0.019,Main,NO
2022-06-09,Mint,NP,0.0,0.00,0.0055,0.0032,0.0087,0.037,0.025,0.1,0.0134,0.0236,Main,NO
2022-06-09,Mint,NP,0.0,0.00,0.0052,0.0052,0.0103,0.0,0.025,0.0,0.0103,-0.0103,Burner,NO
2022-06-10,Secondary,NP,0.032,55.78,0.013,0.0019,0.0469,0.0,0.025,0.0,0.0149,-0.0469,Main,NO
2022-06-10,Mint,NP,0.016,26.82,0.0013,0.0029,0.0202,0.021,0.025,0.0,0.0047,0.0003,Main,NO
2022-06-10,Mint,NP,0.016,26.82,0.0013,0.0,0.0173,0.0254,0.025,0.075,0.0038,0.0056,Main,NO
2022-06-10,Mint,NP,0.016,26.82,0.0013,0.0,0.0173,0.0234,0.025,0.0,0.0019,0.0055,Main,NO
2022-06-10,Mint,NP,0.016,26.82,0.0013,0.0,0.0173,0.0,0.025,0.075,0.0013,-0.0173,Main,NO
2022-06-10,Mint,NP,0.016,26.82,0.0013,0.0,0.0173,0.0299,0.025,0.0,0.002,0.0119,Main,NO
2022-06-10,Mint,NP,0.6,22.54,0.0075,0.0073,0.6148,2.8,0.025,0.075,0.2948,1.9052,Main,NO
2022-06-15,Mint,NP,0.08,89.10,0.0364,0.0037,0.1201,0.139,0.025,0.04,0.0491,0.0099,Ledger,NO
2022-06-16,Mint,LV,0.1834,197.11,0.0013,0.0,0.1847,0.242,0.025,0.05,0.0194,0.0392,Main,NO
2022-06-17,Mint,NP,0.0,0.00,0.0044,0.003,0.0074,0.0099,0.025,0.075,0.0084,0.0015,Burner,NO
2022-06-17,Mint,NP,0.0,0.00,0.0044,0.0,0.0044,0.011,0.025,0.075,0.0055,0.0055,Burner,NO
2022-06-19,Mint,WT,0.03,34.04,0.0011,0.002,0.0331,0.098,0.025,0.1,0.0153,0.0527,Main,NO
2022-06-19,Mint,WT,0.03,34.04,0.0011,0.0,0.0311,0.0964,0.025,0.1,0.0131,0.0533,Main,NO
2022-06-19,Mint,WT,0.03,34.04,0.0011,0.0,0.0311,0.039,0.025,0.1,0.006,0.003,Main,NO
2022-06-19,Mint,WT,0.03,34.04,0.0011,0.0,0.0311,0.069,0.025,0.1,0.0097,0.0293,Main,NO
2022-06-19,Mint,WT,0.03,34.04,0.0011,0.0,0.0311,0.0369,0.025,0.1,0.0057,0.0012,Main,NO
2022-06-20,Mint,NP,0.0,0.00,0.0032,0.0013,0.0044,0.0096,0.025,0.075,0.0054,0.0042,Main,NO
2022-06-20,Mint,NP,0.15,158.79,0.0017,0.0014,0.1531,0.42,0.025,0.0,0.0136,0.2564,Main,NO
2022-06-20,Mint,NP,0.0,0.00,0.0047,0.0013,0.006,0.01,0.025,0.075,0.007,0.003,Burner,NO
2022-06-20,Mint,NP,0.0,0.00,0.0073,0.0017,0.009,0.022,0.025,0.075,0.0112,0.0108,Burner,NO
2022-06-23,Mint,FP,0.0,0.00,0.0015,0.002,0.0035,0.0094,0.025,0.1,0.0047,0.0047,Burner,NO
2022-06-23,Mint,FP,0.0,0.00,0.0015,0.0,0.0015,0.0034,0.025,0.1,0.0019,0.0015,Burner,NO
2022-06-24,Mint,NP,0.0,0.00,0.0029,0.0017,0.0046,0.0144,0.025,0.075,0.006,0.0084,Burner,NO
2022-06-26,Secondary,LV,0.34,413.72,0.0092,0.0025,0.3517,0.0,0.025,0.075,0.0117,-0.3517,Main,Transfer Sent
2022-06-26,Mint,WT,0.0146,17.96,0.0068,0.0032,0.0246,0.004,0.025,0.075,0.0104,-0.021,Main,NO
2022-06-26,Secondary,LV,0.34,413.72,0.0092,0.0025,0.3517,0.0,0.025,0.075,0.0117,-0.3517,Ledger,Transfer Received
2022-06-26,Mint,NP,0.0,0.00,0.0047,0.0,0.0047,0.0,0.025,0.0,0.0047,-0.0047,Burner,NO
2022-06-27,Secondary,WT,0.065,78.24,0.0091,0.0026,0.0767,0.024,0.025,0.075,0.0141,-0.0551,Main,NO
2022-06-28,Secondary,NP,0.08,92.94,0.0082,0.0025,0.0907,0.021,0.025,0.075,0.0128,-0.0718,Main,NO
2022-06-28,Secondary,WT,0.005,11.87,0.0078,0.0,0.0128,0.0,0.025,0.069,0.0078,-0.0128,Main,NO
2022-06-28,Secondary,WT,0.0045,11.00,0.0078,0.0,0.0123,0.0,0.025,0.069,0.0078,-0.0123,Main,NO
2022-06-28,Mint,LV,0.3,368.36,0.0053,0.0,0.3053,0.0,0.025,0.05,0.0053,-0.3053,Ledger,NO
2022-06-28,Secondary,LV,0.27,312.63,0.0039,0.002,0.2759,0.0,0.025,0.05,0.0059,-0.2759,Ledger,NO
2022-06-28,Secondary,WT,0.085,99.07,0.009,0.002,0.096,0.0499,0.025,0.067,0.0156,-0.0507,Ledger,NO
2022-06-29,Mint,WT,0.001,1.10,0.0035,0.0,0.0045,0.0,0.025,0.1,0.0035,-0.0045,Burner,NO
2022-06-29,Mint,WT,0.001,1.10,0.0035,0.0,0.0045,0.0,0.025,0.1,0.0035,-0.0045,Burner,NO
2022-06-30,Mint,NP,0.0,0.00,0.0075,0.0073,0.0148,0.0799,0.025,0.075,0.0228,0.0571,Main,NO
2022-06-30,Secondary,FP,0.1,103.03,0.0112,0.0011,0.1124,0.011,0.025,0.08,0.0135,-0.1025,Ledger,NO
2022-06-30,Mint,NP,0.508,554.43,0.0029,0.0014,0.5123,0.1395,0.0,0.005,0.005,-0.3735,Ledger,NO
2022-06-30,Mint,FP,0.0099,10.26,0.0022,0.0018,0.0139,0.0089,0.025,0.075,0.0049,-0.0059,Burner,NO
2022-06-30,Mint,FP,0.0099,10.26,0.0022,0.0,0.0121,0.0,0.025,0.075,0.0022,-0.0121,Burner,NO
2022-06-30,Mint,FP,0.0099,10.26,0.0022,0.0,0.0121,0.0,0.025,0.075,0.0022,-0.0121,Burner,NO
2022-07-01,Mint,WT,0.0,0.00,0.0016,0.0006,0.0021,0.0,0.025,0.069,0.0021,-0.0021,Main,NO
2022-07-07,Mint,NP,0.0,0.00,0.0086,0.0025,0.0111,0.052,0.025,0.1,0.0176,0.0344,Main,NO
2022-07-07,Mint,NP,0.0,0.00,0.0038,0.0028,0.0066,0.0899,0.025,0.1,0.0178,0.0721,Main,NO
2022-07-07,Mint,NP,0.0,0.00,0.0088,0.0036,0.0124,0.058,0.025,0.0,0.0138,0.0442,Ledger,NO
2022-07-09,Mint,NP,0.0,0.00,0.0083,0.0027,0.011,0.057,0.025,0.075,0.0167,0.0403,Main,NO
2022-07-09,Secondary,NP,0.019,23.13,0.0153,0.0024,0.0367,0.0089,0.025,0.05,0.0184,-0.0285,Burner,NO
2022-07-10,Secondary,LV,0.04,46.54,0.0091,0.0009,0.05,0.0088,0.025,0.1,0.0111,-0.0423,Main,NO
2022-07-10,Mint,LV,0.0,0.00,0.0049,0.0071,0.012,0.0086,0.025,0.069,0.0128,-0.0042,Main,NO
2022-07-10,Mint,WT,0.005,2.95,0.0012,0.0007,0.0069,0.0,0.025,0.1,0.0019,-0.0069,Main,NO
2022-07-10,Mint,WT,0.005,2.95,0.0012,0.0,0.0062,0.0,0.025,0.1,0.0012,-0.0062,Main,NO
2022-07-10,Mint,LV,0.2,22.54,0.0016,0.0006,0.2021,2.2,0.025,0.069,0.2089,1.7911,Main,NO
2022-07-10,Mint,LV,0.0,0.00,0.0045,0.0014,0.0059,0.0029,0.025,0.069,0.0062,-0.0033,Burner,NO
2022-07-12,Secondary,NP,0.029,30.98,0.0049,0.0007,0.0346,0.0,0.025,0.0,0.0056,-0.0346,Main,NO
2022-07-16,Secondary,AS,0.013,17.86,0.008,0.0017,0.0226,0.0074,0.025,0.075,0.0103,-0.0159,Main,NO
2022-08-05,Mint,NP,0.0,0.00,0.0009,0.0,0.0009,0.0,0.025,0.075,0.0009,-0.0009,Main,Transfer Sent
2022-08-05,Mint,NP,0.0,0.00,0.0009,0.0008,0.0016,0.0,0.025,0.075,0.0016,-0.0016,Ledger,Transfer Received
2022-08-07,Mint,NP,0.0,0.00,0.0019,0.0,0.0019,0.0,0.025,0.1,0.0019,-0.0019,Main,NO
2022-08-07,Airdrop,NP,0.0,0.00,0.0,0.0009,0.0009,0.0309,0.025,0.05,0.0032,0.0277,Main,NO
2022-08-07,Airdrop,SG,0.0,0.00,0.0,0.0007,0.0007,0.0,0.025,0.05,0.0007,-0.0007,Ledger,NO
2022-08-10,Secondary,AS,0.012,22.54,0.0044,0.0006,0.017,0.0289,0.025,0.07,0.0078,0.0091,Main,NO
2022-08-10,Secondary,NP,0.16,22.54,0.0086,0.0025,0.1711,1.3,0.025,0.1,0.1736,0.9664,Main,NO
2022-08-19,Mint,FP,0.0,0.00,0.0026,0.0,0.0026,0.0,0.025,0.0,0.0026,-0.0026,Main,NO
2022-08-20,Mint,FP,0.0,0.00,0.0011,0.0,0.0011,0.0,0.025,0.0,0.0011,-0.0011,Burner,NO
2022-08-23,Mint,NP,0.0,0.00,0.0011,0.0006,0.0017,0.029,0.025,0.05,0.0039,0.0251,Main,NO
2022-08-23,Mint,NP,0.0,0.00,0.002,0.0014,0.0034,0.0739,0.025,0.044,0.0085,0.0654,Burner,NO
2022-08-30,Mint,WP,0.049,74.65,0.0014,0.0024,0.0528,0.077,0.025,0.0,0.0057,0.0223,Main,NO
2022-08-30,Mint,WP,0.049,74.65,0.0014,0.0,0.0504,0.079,0.025,0.0,0.0034,0.0266,Main,NO
2022-08-30,Mint,WP,0.049,74.65,0.0014,0.0,0.0504,0.13,0.025,0.0,0.0047,0.0764,Main,NO
2022-09-12,Mint,WP,0.085,147.03,0.0103,0.0015,0.0968,0.128,0.025,0.075,0.0246,0.0184,Main,NO
2022-09-12,Secondary,NP,0.0054,9.22,0.0024,0.0004,0.0082,0.0011,0.025,0.075,0.0029,-0.0072,Main,NO
2022-09-15,Mint,NP,0.8619,1271.00,0.0,0.0,0.8619,0.0,0.025,0.1,0.0,-0.8619,Ledger,NO
2022-09-16,Secondary,AS,0.0434,61.97,0.002,0.0004,0.0459,0.0836,0.005,0.0,0.0029,0.0373,Burner,NO
2022-09-16,Secondary,AS,0.04,57.14,0.0021,0.0,0.0421,0.075,0.005,0.0,0.0025,0.0325,Burner,NO
2022-09-17,Secondary,NP,0.055,78.35,0.0011,0.0003,0.0564,0.049,0.025,0.05,0.005,-0.0111,Burner,NO
2022-09-17,Secondary,AS,0.0,0.00,0.0016,0.0,0.0016,0.068,0.005,0.0,0.0019,0.0661,Burner,NO
2022-09-19,Mint,WP,0.666,904.02,0.0015,0.0007,0.6682,1.96,0.025,0.1,0.2472,1.0468,Main,NO
2022-09-20,Mint,FP,0.1972,267.88,0.0039,0.0016,0.2027,0.338,0.025,0.0,0.014,0.1268,Main,NO
2022-09-20,Secondary,AS,0.021,27.81,0.0032,0.0003,0.0245,0.0154,0.025,0.0,0.0039,-0.0095,Main,NO
2022-09-21,Secondary,WP,2.1,2.623.09,0.0027,0.0005,2.1032,2.47,0.025,0.1,0.312,0.058,Ledger,NO
2022-09-23,Secondary,WP,0.015,19.39,0.0096,0.0003,0.0249,0.033,0.025,0.0,0.0107,0.0073,Main,NO
2022-09-23,Secondary,WP,0.016,20.68,0.0066,0.0,0.0226,0.049,0.025,0.0,0.0079,0.0251,Main,NO
2022-09-23,Secondary,WP,0.045,58.66,0.0073,0.0,0.0523,0.054,0.025,0.0,0.0086,0.0004,Main,NO
2022-09-23,Secondary,WP,0.1,130.81,0.0065,0.0,0.1065,0.145,0.025,0.0,0.0101,0.0349,Main,NO
2022-09-24,Secondary,AS,0.045,59.22,0.0025,0.0002,0.0476,0.049,0.025,0.0,0.0038,0.0002,Main,NO
2022-09-24,Secondary,AS,0.0047,6.19,0.0012,0.0002,0.0061,0.029,0.025,0.0,0.0021,0.0222,Main,NO
2022-09-24,Secondary,AS,0.0111,14.66,0.0006,0.0,0.0117,0.0384,0.025,0.0,0.0015,0.0258,Main,NO
2022-09-25,Secondary,AS,0.166,215.74,0.0013,0.0,0.1673,0.184,0.025,0.03,0.0114,0.0066,Main,NO
2022-09-25,Secondary,AS,0.015,19.44,0.001,0.0,0.016,0.0065,0.025,0.0,0.0012,-0.0097,Main,NO
2022-09-25,Secondary,AS,0.0085,11.12,0.0011,0.0002,0.0098,0.0,0.025,0.0,0.0013,-0.0098,Main,NO
2022-09-30,Secondary,NP,0.1,132.91,0.0031,0.0007,0.1038,0.0599,0.025,0.1,0.0113,-0.0514,Main,NO
2022-10-01,Mint,LV,0.0,0.00,0.0006,0.0006,0.0012,0.0149,0.025,0.075,0.0026,0.0123,Main,NO
2022-10-01,Mint,LV,0.0,0.00,0.0006,0.0,0.0006,0.009,0.025,0.075,0.0015,0.0075,Main,NO
2022-10-01,Secondary,AS,0.014,18.36,0.0022,0.0004,0.0166,0.0048,0.025,0.0,0.0027,-0.0119,Main,NO
2022-10-02,Secondary,AS,0.0029,3.77,0.0016,0.0004,0.0049,0.008,0.025,0.0,0.0022,0.0029,Main,NO
2022-10-03,Mint,NP,0.0,0.00,0.0064,0.0,0.0064,0.0,0.025,0.025,0.0064,-0.0064,Main,NO
2022-10-03,Mint,NP,0.0,0.00,0.0058,0.0,0.0058,0.0,0.025,0.025,0.0058,-0.0058,Main,NO
2022-10-03,Mint,NP,0.0,0.00,0.0053,0.0,0.0053,0.0,0.025,0.025,0.0053,-0.0053,Main,NO
2022-10-03,Mint,NP,0.0,0.00,0.0064,0.0,0.0064,0.0,0.025,0.025,0.0064,-0.0064,Main,NO
2022-10-03,Mint,NP,0.0,0.00,0.0068,0.0,0.0068,0.0,0.025,0.025,0.0068,-0.0068,Main,NO
2022-10-06,Airdrop,NP,0.0,0.00,0.0,0.0009,0.0009,0.21,0.025,0.075,0.0219,0.1881,Main,NO
2022-10-06,Airdrop,NP,0.0,0.00,0.0,0.0,0.0,0.0,0.025,0.075,0.0,0.0,Main,Transfer Sent
2022-10-06,Airdrop,NP,0.0,0.00,0.0,0.0008,0.0008,0.0,0.025,0.075,0.0008,-0.0008,Ledger,Transfer Received
2022-10-09,Mint,NP,0.0,0.00,0.0051,0.0,0.0051,0.0,0.025,0.0,0.0051,-0.0051,Burner,NO
2022-10-10,Mint,NP,0.09,22.54,0.0038,0.0028,0.0966,1.9,0.025,0.1,0.2441,1.5659,Main,NO
2022-10-12,Airdrop,M,0.0,389.82,0.0041,0.0032,0.0073,0.0,0.025,0.05,0.0073,-0.0073,Ledger,NO
2022-10-12,Mint,WP,0.0,0.00,0.0019,0.0,0.0019,0.0,0.025,0.051763401109057305,0.0019,-0.0019,Ledger,NO
2022-10-14,Secondary,AS,0.02,26.18,0.0041,0.0009,0.025,0.033,0.025,0.0,0.0058,0.0072,Main,NO
2022-10-16,Secondary,AS,0.176,225.83,0.0039,0.0009,0.1807,0.124,0.025,0.0,0.0078,-0.0598,Main,NO
2022-10-16,Mint,WP,0.0,0.00,0.0012,0.0,0.0012,0.0,0.025,0.05,0.0012,-0.0012,Burner,NO
2022-10-22,Mint,AS,0.0099,13.02,0.002,0.002,0.0139,0.0025,0.025,0.0,0.004,-0.0114,Burner,NO
2022-10-28,Mint,G,0.0,0.00,0.0019,0.0,0.0019,0.0,0.025,0.05,0.0019,-0.0019,Ledger,NO
2022-11-02,Secondary,WP,0.2,311.49,0.0041,0.0057,0.2098,0.745,0.025,0.05,0.0657,0.4793,Main,NO
2022-11-02,Secondary,WP,0.2,311.49,0.0041,0.0,0.2041,0.571,0.025,0.0,0.0184,0.3526,Main,NO
2022-11-06,Mint,WP,0.59,962.91,0.0011,0.0014,0.5925,0.725,0.025,0.05,0.0569,0.0781,Main,NO
2022-11-07,Mint,NP,0.0,0.00,0.001,0.0008,0.0018,0.0169,0.025,0.1,0.0039,0.013,Main,NO
2022-11-07,Mint,NP,0.0,0.00,0.001,0.0,0.001,0.0169,0.025,0.1,0.0031,0.0138,Main,NO
2022-11-07,Secondary,WP,0.205,325.36,0.0063,0.0009,0.2122,0.0,0.025,0.075,0.0072,-0.2122,Ledger,NO
2022-11-07,Secondary,WP,0.205,325.36,0.0063,0.0,0.2113,0.0,0.025,0.075,0.0063,-0.2113,Ledger,NO
2022-11-07,Mint,NP,0.0,0.00,0.0016,0.0,0.0016,0.0,0.025,0.0,0.0016,-0.0016,Burner,NO
2022-11-10,Mint,NP,0.012,22.54,0.0083,0.0027,0.023,0.4,0.025,0.075,0.051,0.337,Main,NO
2022-11-10,Mint,WP,0.0,0.00,0.003,0.0016,0.0046,0.0,0.025,0.1,0.0046,-0.0046,Main,NO
2022-11-11,Secondary,AS,0.0137,17.26,0.0066,0.0011,0.0215,0.033,0.025,0.0,0.0086,0.0107,Main,NO
2022-11-22,Mint,WP,0.018,20.92,0.0019,0.0,0.0199,0.0294,0.025,0.069,0.0047,0.0067,Main,NO
2022-11-22,Mint,WP,0.018,20.92,0.0019,0.0,0.0199,0.0294,0.025,0.069,0.0047,0.0067,Main,NO
2022-11-23,Mint,WP,0.0,0.00,0.0021,0.0009,0.003,0.0398,0.025,0.05,0.006,0.0338,Main,NO
2022-11-23,Mint,NP,0.0,0.00,0.0027,0.0013,0.004,0.0169,0.025,0.075,0.0057,0.0112,Main,NO
2022-11-30,Secondary,AS,0.19,244.30,0.0026,0.0006,0.1932,0.199,0.025,0.0,0.0082,0.0008,Ledger,NO
2022-12-02,Secondary,AS,0.0239,30.53,0.0025,0.0007,0.0271,0.0289,0.025,0.075,0.0061,-0.0011,Main,NO
2022-12-02,Secondary,AS,0.0239,30.53,0.0025,0.0,0.0264,0.0384,0.025,0.075,0.0063,0.0082,Main,NO
2022-12-02,Secondary,AS,0.018,23.07,0.0037,0.0013,0.023,0.0277,0.025,0.0,0.0057,0.004,Main,NO
2022-12-02,Secondary,AS,0.018,23.07,0.0037,0.0,0.0217,0.0274,0.025,0.0,0.0044,0.005,Main,NO
2022-12-02,Secondary,AS,0.004,5.21,0.0032,0.0006,0.0078,0.0013,0.025,0.0,0.0039,-0.0066,Main,NO
2022-12-02,Secondary,AS,0.004,5.21,0.0032,0.0,0.0072,0.0013,0.025,0.0,0.0032,-0.0059,Main,NO
2022-12-02,Secondary,AS,0.004,5.21,0.0032,0.0,0.0072,0.0013,0.025,0.0,0.0032,-0.0059,Main,NO
2022-12-02,Secondary,AS,0.004,5.21,0.0032,0.0,0.0072,0.0013,0.025,0.0,0.0032,-0.0059,Main,NO
2022-12-02,Secondary,AS,0.0047,6.09,0.0036,0.0,0.0083,0.001,0.025,0.0,0.0036,-0.0074,Main,NO
2022-12-02,Secondary,AS,0.0165,21.28,0.0035,0.001,0.021,0.0001,0.025,0.0,0.0045,-0.0209,Main,NO
2022-12-02,Secondary,AS,0.07,90.54,0.0028,0.0007,0.0734,0.0146,0.025,0.0,0.0038,-0.0592,Main,NO
2022-12-02,Mint,NP,0.0,0.00,0.0008,0.0005,0.0013,0.0018,0.025,0.0,0.0014,0.0004,Main,NO
2022-12-02,Mint,NP,0.0,0.00,0.0008,0.0,0.0008,0.0018,0.025,0.0,0.0008,0.001,Main,NO
2022-12-04,Mint,WP,0.025,31.35,0.0013,0.0021,0.0284,0.001,0.025,0.0,0.0034,-0.0274,Main,NO
2022-12-04,Secondary,AS,0.009,11.47,0.0028,0.0005,0.0123,0.0,0.025,0.05,0.0033,-0.0123,Main,NO
2022-12-04,Secondary,AS,0.0095,12.10,0.0028,0.0,0.0123,0.0,0.025,0.05,0.0028,-0.0123,Main,NO
2022-12-04,Mint,NP,0.007,8.82,0.0026,0.0,0.0096,0.0,0.025,0.0,0.0026,-0.0096,Burner,NO
2022-12-04,Mint,NP,0.007,8.82,0.0021,0.0,0.0091,0.0,0.025,0.0,0.0021,-0.0091,Burner,NO
2022-12-06,Mint,WP,0.0,0.00,0.0015,0.0,0.0015,0.088,0.025,0.075,0.0103,0.0777,Main,NO
2022-12-06,Mint,WP,0.0,0.00,0.0015,0.0011,0.0026,0.075,0.025,0.075,0.0101,0.0649,Main,NO
2022-12-06,Mint,NP,0.021,26.29,0.0021,0.0009,0.024,0.0,0.025,0.1,0.003,-0.024,Main,NO
2022-12-06,Mint,WP,0.0,0.00,0.0012,0.001,0.0022,0.0544,0.025,0.075,0.0076,0.0468,Ledger,NO
2022-12-06,Mint,WP,0.0,0.00,0.0012,0.0,0.0012,0.0,0.025,0.075,0.0012,-0.0012,Ledger,NO
2022-12-07,Mint,WP,0.018,22.71,0.0011,0.0018,0.0209,0.025,0.025,0.069,0.0053,0.0017,Main,NO
2022-12-07,Mint,WP,0.018,22.71,0.0011,0.0,0.0191,0.0,0.025,0.069,0.0011,-0.0191,Main,NO
2022-12-08,Mint,WP,0.0,0.00,0.0009,0.0019,0.0028,0.0,0.025,0.05,0.0028,-0.0028,Main,NO
2022-12-08,Mint,WP,0.0,0.00,0.0009,0.0,0.0009,0.0,0.025,0.05,0.0009,-0.0009,Main,NO
2022-12-09,Mint,WP,0.25,317.40,0.0049,0.0016,0.2565,0.309,0.025,0.0,0.0142,0.0448,Main,NO
2022-12-09,Mint,WP,0.25,317.40,0.0049,0.0,0.2549,0.2745,0.025,0.0,0.0118,0.0127,Main,NO
2022-12-10,Mint,NP,0.4,22.54,0.0091,0.0009,0.41,2.6,0.025,0.1,0.335,1.865,Main,NO
2022-12-11,Mint,AZ,0.0,0.00,0.0021,0.0009,0.003,0.004,0.025,0.1,0.0035,0.0005,Main,NO
2022-12-11,Mint,WP,0.2,254.42,0.0016,0.0006,0.2022,0.236,0.025,0.0,0.0081,0.0279,Ledger,NO
2022-12-11,Mint,AZ,0.0,0.00,0.002,0.0011,0.0031,0.0004,0.025,0.1,0.0032,-0.0027,Burner,NO
2022-12-15,Mint,WP,0.05,63.51,0.0021,0.0014,0.0535,0.0597,0.025,0.069,0.0091,0.0006,Main,NO
2022-12-15,Mint,WP,0.05,63.51,0.0021,0.0,0.0521,0.0624,0.025,0.069,0.0079,0.0045,Main,NO
2022-12-15,Mint,WP,0.0,0.00,0.0035,0.0,0.0035,0.0,0.025,0.0,0.0035,-0.0035,Main,NO
2022-12-16,Mint,NP,0.1,118.91,0.0011,0.0022,0.1033,0.0,0.025,0.1,0.0033,-0.1033,Ledger,NO
2022-12-16,Mint,NP,0.1,118.91,0.0011,0.0,0.1011,0.0,0.025,0.1,0.0011,-0.1011,Ledger,NO
2022-12-16,Mint,NP,0.1,118.91,0.0011,0.0,0.1011,0.0,0.025,0.1,0.0011,-0.1011,Ledger,NO
2022-12-19,Mint,WP,0.1,117.45,0.0012,0.001,0.1022,0.0,0.025,0.1,0.0022,-0.1022,Ledger,NO
2022-12-19,Mint,WP,0.1,117.45,0.0012,0.0,0.1012,0.0,0.025,0.1,0.0012,-0.1012,Ledger,NO
2022-12-19,Mint,TW,0.099,116.40,0.0024,0.0011,0.1026,0.0,0.025,0.1,0.0036,-0.1026,Ledger,NO
2022-12-20,Mint,TW,0.04,48.28,0.0013,0.0013,0.0426,0.0747,0.025,0.075,0.01,0.0247,Main,NO
2022-12-20,Mint,TW,0.04,48.28,0.0013,0.0,0.0413,0.0,0.025,0.075,0.0013,-0.0413,Main,NO
2022-12-20,Mint,NP,0.0,0.00,0.0,0.0,0.0,0.0,0.025,0.1,0.0,0.0,Ledger,NO
2022-12-20,Secondary,NP,0.0997,120.82,0.0019,0.0,0.1016,0.0,0.025,0.1,0.0019,-0.1016,Ledger,NO
2022-12-20,Secondary,NP,0.102,123.59,0.0019,0.0,0.1039,0.0,0.025,0.1,0.0019,-0.1039,Ledger,NO
2022-12-20,Secondary,NP,0.0997,120.76,0.0017,0.0,0.1014,0.0,0.025,0.1,0.0017,-0.1014,Ledger,NO
2022-12-20,Secondary,NP,0.1139,138.02,0.0017,0.0,0.1156,0.0,0.025,0.1,0.0017,-0.1156,Ledger,NO
2022-12-20,Secondary,NP,0.115,139.36,0.0017,0.0,0.1167,0.0,0.025,0.1,0.0017,-0.1167,Ledger,NO
2022-12-21,Secondary,AZ,0.0042,5.07,0.0029,0.0009,0.0079,0.0067,0.025,0.05,0.0043,-0.0017,Main,NO
2022-12-21,Secondary,AZ,0.0042,5.07,0.0029,0.0,0.007,0.0067,0.025,0.05,0.0034,-0.0008,Main,NO
2022-12-21,Secondary,AZ,0.0042,5.07,0.0029,0.0,0.007,0.0067,0.025,0.05,0.0034,-0.0008,Main,NO
2022-12-21,Mint,NP,0.0,0.00,0.0028,0.0019,0.0047,0.0,0.025,0.1,0.0047,-0.0047,Ledger,NO
2022-12-21,Mint,NP,0.0,0.00,0.0027,0.0,0.0027,0.0,0.025,0.1,0.0027,-0.0027,Ledger,NO
2022-12-23,Secondary,NP,0.02,24.28,0.0052,0.0009,0.0262,0.0066,0.025,0.0,0.0063,-0.0197,Main,NO
2022-12-23,Secondary,NP,0.02,24.28,0.0052,0.0,0.0252,0.0067,0.025,0.0,0.0054,-0.0187,Main,NO
2022-12-23,Mint,AZ,0.002,2.44,0.0004,0.0008,0.0032,0.0094,0.025,0.0,0.0014,0.006,Main,NO
2022-12-23,Mint,AZ,0.002,2.44,0.0004,0.0,0.0024,0.0159,0.025,0.0,0.0008,0.0131,Main,NO
2022-12-23,Mint,AZ,0.002,2.44,0.0004,0.0,0.0024,0.0087,0.025,0.0,0.0006,0.0061,Main,NO
2022-12-23,Mint,AZ,0.002,2.44,0.0004,0.0,0.0024,0.012,0.025,0.0,0.0007,0.0093,Main,NO
2022-12-25,Mint,AZ,0.002,2.43,0.0003,0.0008,0.0031,0.01,0.025,0.0,0.0014,0.0066,Main,NO
2022-12-25,Mint,AZ,0.002,2.43,0.0003,0.0,0.0023,0.01,0.025,0.0,0.0005,0.0075,Main,NO
2022-12-25,Mint,AZ,0.002,2.43,0.0003,0.0,0.0023,0.01,0.025,0.0,0.0005,0.0075,Main,NO
2022-12-25,Mint,AZ,0.002,2.43,0.0003,0.0,0.0023,0.01,0.025,0.0,0.0005,0.0075,Main,NO
2022-12-25,Mint,AZ,0.002,2.43,0.0003,0.0,0.0023,0.01,0.025,0.0,0.0005,0.0075,Main,NO
2022-12-29,Mint,NP,0.0,0.00,0.0029,0.0012,0.0041,0.0,0.025,0.1,0.0041,-0.0041,Main,NO
2022-12-29,Mint,AG,0.026,31.10,0.0059,0.0,0.0319,0.0,0.025,0.1,0.0059,-0.0319,Ledger,NO
2022-12-31,Mint,WP,0.0,0.00,0.0021,0.0,0.0021,0.0,0.025,0.1,0.0021,-0.0021,Ledger,NO
2022-12-31,Mint,WP,0.0,0.00,0.002,0.0,0.002,0.0,0.025,0.1,0.002,-0.002,Ledger,NO
2022-12-31,Mint,WP,0.0,0.00,0.0021,0.001,0.0031,0.019,0.025,0.1,0.0055,0.0135,Ledger,NO
